variant,month,side,signals,valid5,positive5_pct,pivot_survives5_pct,mean_distance_atr,mean_confirm_bars,mean_return5_atr,mean_net5_price
acceleration,7,-1,31,30,53.33,56.67,0.932,1.0,0.182,-0.263
acceleration,7,1,35,34,61.76,52.94,0.927,1.0,0.348,1.14
acceleration,8,-1,9,9,44.44,55.56,0.918,1.0,0.193,-0.06
acceleration,8,1,24,24,37.5,54.17,0.969,1.0,-0.152,-1.11
current,7,-1,22,21,61.9,61.9,0.979,1.0,0.444,0.154
current,7,1,29,28,60.71,60.71,0.925,1.0,0.364,1.254
current,8,-1,9,9,55.56,55.56,0.98,1.0,0.369,0.43
current,8,1,14,14,50.0,57.14,1.026,1.0,0.146,0.217
current_shape,7,-1,21,20,60.0,60.0,0.986,1.0,0.402,-0.007
current_shape,7,1,23,23,60.87,56.52,0.945,1.0,0.425,1.562
current_shape,8,-1,7,7,42.86,57.14,0.992,1.0,0.302,0.19
current_shape,8,1,13,13,46.15,61.54,1.053,1.0,-0.056,-0.767
no_divergence,7,-1,59,58,48.28,55.17,1.025,1.0,-0.013,-0.671
no_divergence,7,1,80,79,54.43,46.84,0.989,1.0,0.143,0.299
no_divergence,8,-1,25,25,44.0,56.0,0.995,1.0,-0.286,-0.758
no_divergence,8,1,28,27,55.56,66.67,1.026,1.0,0.254,0.852
raw_delta_only,7,-1,23,22,63.64,63.64,0.978,1.0,0.441,0.173
raw_delta_only,7,1,29,28,60.71,60.71,0.925,1.0,0.364,1.254
raw_delta_only,8,-1,9,9,55.56,55.56,0.98,1.0,0.369,0.43
raw_delta_only,8,1,15,15,46.67,53.33,1.015,1.0,0.072,-0.186
two_of_three,7,-1,34,33,51.52,51.52,0.923,1.0,0.114,-0.492
two_of_three,7,1,40,39,64.1,64.1,0.916,1.0,0.458,1.544
two_of_three,8,-1,13,13,46.15,46.15,0.91,1.0,-0.007,-0.86
two_of_three,8,1,21,21,47.62,52.38,0.964,1.0,0.074,-0.281
window3_raw_shape,7,-1,87,85,45.88,60.0,1.048,1.54,-0.162,-1.113
window3_raw_shape,7,1,120,119,52.1,45.38,1.003,1.48,0.08,0.047
window3_raw_shape,8,-1,45,45,42.22,57.78,1.036,1.73,-0.154,-0.769
window3_raw_shape,8,1,40,40,55.0,65.0,1.017,1.42,0.012,-0.111
window3_strict,7,-1,35,34,50.0,58.82,0.988,1.49,-0.091,-1.401
window3_strict,7,1,37,35,57.14,51.43,0.952,1.27,0.221,0.757
window3_strict,8,-1,11,11,63.64,63.64,0.985,1.27,0.496,0.753
window3_strict,8,1,18,18,55.56,55.56,1.023,1.22,0.144,0.309
