closed_positions,closed_net,win_rate_pct,gross_profit,gross_loss,profit_factor,realized_position_dd,best_position,worst_position,name,max_add,pre_add,direction_add,sl_pct,lot,spread_scale,slip,protection,max_total_lots,reverse,long_only,short_only,require_profitable_add,time_exit_bars,initials,adds_PRE,adds_DIRECTION,total_fills,closed_cycles,open_positions,end_equity_net,end_unrealized_gross,end_open_entry_fees,bar_close_equity_dd,max_lots,max_open_stop_risk,swap_total,commission_total,closed_cycles_win_pct,mean_hold_hours,SL_closed_positions,worst_cycle,best_cycle,pre_signals,direction_signals
51,-437.59,23.53,1269.42,-1707.01,0.7437,851.97,194.42,-80.76,current_add0,0,True,True,0.35,0.03,1.0,0.0,common_floor,0.0,True,False,False,False,0,52,0,0,52,51,1,-436.12,1.68,0.21,937.05,0.03,46.32,-20.32,10.92,23.53,9.95,38,-80.76,194.42,74,308
51,-437.59,23.53,1269.42,-1707.01,0.7437,851.97,194.42,-80.76,candidate1_add0,0,True,True,0.35,0.03,1.0,0.0,common_floor,0.0,True,False,False,False,0,52,0,0,52,51,1,-436.12,1.68,0.21,937.05,0.03,46.32,-20.32,10.92,23.53,9.95,38,-80.76,194.42,74,308
64,-783.17,25.0,1305.46,-2088.63,0.625,1078.3,187.32,-100.29,candidate3_add0,0,True,True,0.35,0.03,1.0,0.0,common_floor,0.0,True,False,False,False,0,65,0,0,65,64,1,-781.7,1.68,0.21,1150.78,0.03,46.32,-14.63,13.65,25.0,8.0,46,-100.29,187.32,100,365
40,-840.64,17.5,640.58,-1481.22,0.4325,854.08,288.58,-80.76,swing1_add0,0,True,True,0.35,0.03,1.0,0.0,common_floor,0.0,True,False,False,False,0,41,0,0,41,40,1,-839.17,1.68,0.21,882.7,0.03,46.29,-27.58,8.61,17.5,13.63,33,-80.76,288.58,59,273
57,-1036.58,21.05,948.71,-1985.29,0.4779,1037.34,288.58,-80.76,swing3_add0,0,True,True,0.35,0.03,1.0,0.0,common_floor,0.0,True,False,False,False,0,58,0,0,58,57,1,-1035.11,1.68,0.21,1065.96,0.03,46.26,-22.4,12.18,21.05,8.83,44,-80.76,288.58,83,366
228,-3016.24,21.49,3088.02,-6104.26,0.5059,3041.14,158.95,-90.3,current_add5,5,True,True,0.35,0.03,1.0,0.0,common_floor,0.0,True,False,False,False,0,58,8,166,232,57,4,-3027.79,-10.71,0.84,3117.67,0.18,221.61,-82.24,48.72,14.04,7.23,189,-341.61,879.72,74,308
228,-3016.24,21.49,3088.02,-6104.26,0.5059,3041.14,158.95,-90.3,candidate1_add5,5,True,True,0.35,0.03,1.0,0.0,common_floor,0.0,True,False,False,False,0,58,8,166,232,57,4,-3027.79,-10.71,0.84,3117.67,0.18,221.61,-82.24,48.72,14.04,7.23,189,-341.61,879.72,74,308
295,-3442.54,24.41,4124.5,-7567.04,0.5451,3560.5,158.51,-101.88,candidate3_add5,5,True,True,0.35,0.03,1.0,0.0,common_floor,0.0,True,False,False,False,0,74,13,212,299,73,4,-3454.09,-10.71,0.84,3608.56,0.18,230.31,-57.94,62.79,16.44,6.33,231,-543.78,879.72,100,365
157,-1368.25,21.66,2696.07,-4064.32,0.6634,2009.8,288.58,-90.3,swing1_add5,5,True,True,0.35,0.03,1.0,0.0,common_floor,0.0,True,False,False,False,0,43,3,115,161,42,4,-1379.8,-10.71,0.84,3184.47,0.18,212.97,-149.23,33.81,14.29,13.97,124,-341.61,1660.14,59,273
257,-3100.75,21.79,3565.92,-6666.67,0.5349,3661.57,288.58,-90.3,swing3_add5,5,True,True,0.35,0.03,1.0,0.0,common_floor,0.0,True,False,False,False,0,64,8,189,261,63,4,-3112.3,-10.71,0.84,3801.01,0.18,326.01,-91.54,54.81,15.87,5.69,206,-341.61,1660.14,83,366
51,-437.59,23.53,1269.42,-1707.01,0.7437,851.97,194.42,-80.76,current_owner10_add0,0,True,True,0.35,0.03,1.0,0.0,common_floor,0.0,True,False,False,False,0,52,0,0,52,51,1,-436.12,1.68,0.21,937.05,0.03,46.32,-20.32,10.92,23.53,9.95,38,-80.76,194.42,74,76
30,-495.38,20.0,550.45,-1045.83,0.5263,721.5,194.42,-46.53,current_distance1_add0,0,True,True,0.35,0.03,1.0,0.0,common_floor,0.0,True,False,False,False,0,31,0,0,31,30,1,-493.91,1.68,0.21,802.38,0.03,46.32,-8.36,6.51,20.0,9.27,24,-46.53,194.42,74,308
49,-350.28,24.49,1269.42,-1619.7,0.7837,764.69,194.42,-80.76,current_cost020_add0,0,True,True,0.35,0.03,1.0,0.0,common_floor,0.0,True,False,False,False,0,50,0,0,50,49,1,-348.81,1.68,0.21,849.77,0.03,46.29,-18.75,10.5,24.49,9.94,36,-80.76,194.42,74,308
62,-282.06,4.84,380.4,-662.46,0.5742,458.76,158.95,-25.05,current_structureSL_add0,0,True,True,0.35,0.03,1.0,0.0,common_floor,0.0,True,False,False,False,0,63,0,0,63,62,1,-280.59,1.68,0.21,520.71,0.03,24.84,-13.53,13.23,4.84,2.84,59,-25.05,158.95,74,308
62,-282.06,4.84,380.4,-662.46,0.5742,458.76,158.95,-25.05,current_owner10_structureSL_add0,0,True,True,0.35,0.03,1.0,0.0,common_floor,0.0,True,False,False,False,0,63,0,0,63,62,1,-280.59,1.68,0.21,520.71,0.03,24.84,-13.53,13.23,4.84,2.84,59,-25.05,158.95,74,76
69,-21.73,36.23,442.86,-464.59,0.9532,147.31,57.45,-45.58,current_owner_exit10_add0,0,True,True,0.35,0.03,1.0,0.0,common_floor,0.0,True,False,False,False,0,69,0,0,69,69,0,-21.73,0.0,0.0,149.56,0.03,46.32,-2.08,14.49,36.23,0.48,1,-45.58,57.45,74,76
141,-2311.96,17.02,1999.5,-4311.46,0.4638,2594.9,194.42,-83.22,current_owner10_add5,5,True,True,0.35,0.03,1.0,0.0,common_floor,0.0,True,False,False,False,0,55,17,73,145,54,4,-2323.51,-10.71,0.84,3031.85,0.18,366.54,-56.23,30.45,22.22,7.58,122,-219.27,387.73,74,76
127,-2435.81,17.32,994.29,-3430.1,0.2899,2439.89,96.42,-46.86,current_distance1_add5,5,True,True,0.35,0.03,1.0,0.0,common_floor,0.0,True,False,False,False,0,33,6,92,131,32,4,-2447.36,-10.71,0.84,2516.6,0.18,212.97,-27.08,27.51,12.5,3.03,110,-226.71,413.04,74,308
220,-2988.71,20.91,2942.55,-5931.26,0.4961,2988.71,158.95,-90.3,current_cost020_add5,5,True,True,0.35,0.03,1.0,0.0,common_floor,0.0,True,False,False,False,0,55,8,161,224,54,4,-3000.26,-10.71,0.84,3049.49,0.18,221.61,-78.59,47.04,12.96,7.4,181,-341.61,879.72,74,308
165,-1144.79,10.91,1881.3,-3026.09,0.6217,2328.62,158.95,-103.2,current_structureSL_add5,5,True,True,0.35,0.03,1.0,0.0,common_floor,0.0,True,False,False,False,0,63,2,104,169,62,4,-1156.34,-10.71,0.84,2663.27,0.18,350.58,-68.15,35.49,4.84,5.3,147,-277.77,879.72,74,308
136,-1413.86,6.62,613.59,-2027.45,0.3026,1413.86,90.43,-63.62,current_owner10_structureSL_add5,5,True,True,0.35,0.03,1.0,0.0,common_floor,0.0,True,False,False,False,0,65,4,71,140,64,4,-1425.41,-10.71,0.84,1774.52,0.18,352.02,-47.36,29.4,4.69,4.71,133,-160.38,219.69,74,76
140,-134.24,39.29,802.08,-936.32,0.8566,254.06,57.45,-45.61,current_owner_exit10_add5,5,True,True,0.35,0.03,1.0,0.0,common_floor,0.0,True,False,False,False,0,69,0,71,140,69,0,-134.24,0.0,0.0,262.04,0.12,168.27,-4.16,29.4,31.88,0.37,2,-82.13,123.24,74,76
32,-335.14,0.0,0.0,-335.14,0.0,335.14,-5.1,-19.8,current_combined_add0,0,True,True,0.35,0.03,1.0,0.0,common_floor,0.0,True,False,False,False,0,33,0,0,33,32,1,-333.67,1.68,0.21,399.58,0.03,19.59,-1.06,6.93,0.0,2.88,32,-19.8,0.0,74,76
56,-808.44,0.0,0.0,-808.44,0.0,808.44,-5.1,-42.96,current_combined_add2,2,True,True,0.35,0.03,1.0,0.0,common_floor,0.0,True,False,False,False,0,33,0,26,59,32,3,-812.01,-2.94,0.63,997.65,0.09,75.3,-3.18,12.39,0.0,4.66,56,-75.93,0.0,74,76
57,-839.88,0.0,0.0,-839.88,0.0,839.88,-5.1,-42.96,current_combined_add5,5,True,True,0.35,0.03,1.0,0.0,common_floor,0.0,True,False,False,False,0,33,0,28,61,32,4,-851.43,-10.71,0.84,1094.97,0.12,84.03,-2.67,12.81,0.0,5.6,57,-82.83,0.0,74,76
41,-333.07,2.44,83.37,-416.44,0.2002,397.9,83.37,-19.8,candidate3_combined_add0,0,True,True,0.35,0.03,1.0,0.0,common_floor,0.0,True,False,False,False,0,42,0,0,42,41,1,-331.6,1.68,0.21,447.34,0.03,19.59,-0.55,8.82,2.44,2.55,40,-19.8,83.37,100,97
73,-841.98,2.74,157.53,-999.51,0.1576,969.3,83.37,-42.96,candidate3_combined_add2,2,True,True,0.35,0.03,1.0,0.0,common_floor,0.0,True,False,False,False,0,42,1,33,76,41,3,-845.55,-2.94,0.63,1114.23,0.09,75.3,-2.16,15.96,2.44,3.93,71,-75.93,157.53,100,97
76,-887.25,2.63,157.53,-1044.78,0.1508,1014.57,83.37,-42.96,candidate3_combined_add5,5,True,True,0.35,0.03,1.0,0.0,common_floor,0.0,True,False,False,False,0,42,1,37,80,41,4,-898.8,-10.71,0.84,1215.03,0.15,84.03,-1.65,16.8,2.44,4.63,74,-82.83,157.53,100,97
33,-192.85,6.06,131.01,-323.86,0.4045,248.68,83.37,-18.09,swing3_combined_add0,0,True,True,0.35,0.03,1.0,0.0,common_floor,0.0,True,False,False,False,0,34,0,0,34,33,1,-191.38,1.68,0.21,289.24,0.03,17.88,-1.06,7.14,6.06,2.8,31,-18.09,83.37,83,68
55,-404.76,9.09,284.52,-689.28,0.4128,523.08,83.37,-42.96,swing3_combined_add2,2,True,True,0.35,0.03,1.0,0.0,common_floor,0.0,True,False,False,False,0,34,1,23,58,33,3,-408.33,-2.94,0.63,695.04,0.09,75.3,-4.2,12.18,6.06,3.56,50,-75.93,157.53,83,68
55,-404.76,9.09,284.52,-689.28,0.4128,523.08,83.37,-42.96,swing3_combined_add5,5,True,True,0.35,0.03,1.0,0.0,common_floor,0.0,True,False,False,False,0,34,1,24,59,33,4,-416.31,-10.71,0.84,695.04,0.12,75.3,-4.2,12.39,6.06,3.56,50,-75.93,157.53,83,68
12,-170.13,0.0,0.0,-170.13,0.0,170.13,-9.15,-21.15,current_combined_stress_add0,0,True,True,0.35,0.03,2.0,0.15,common_floor,0.0,True,False,False,False,0,12,0,0,12,12,0,-170.13,0.0,0.0,229.05,0.03,20.49,0.0,2.52,0.0,0.68,12,-21.15,-9.15,74,76
18,-324.09,0.0,0.0,-324.09,0.0,324.09,-9.15,-44.31,current_combined_stress_add5,5,True,True,0.35,0.03,2.0,0.15,common_floor,0.0,True,False,False,False,0,12,0,6,18,12,0,-324.09,0.0,0.0,554.55,0.09,78.0,0.0,3.78,0.0,1.02,18,-79.98,-9.15,74,76
14,-105.33,7.14,82.02,-187.35,0.4378,187.35,82.02,-21.15,candidate3_combined_stress_add0,0,True,True,0.35,0.03,2.0,0.15,common_floor,0.0,True,False,False,False,0,14,0,0,14,14,0,-105.33,0.0,0.0,251.16,0.03,20.49,0.0,2.94,7.14,0.89,13,-21.15,82.02,100,97
22,-219.72,9.09,154.83,-374.55,0.4134,374.55,82.02,-44.31,candidate3_combined_stress_add5,5,True,True,0.35,0.03,2.0,0.15,common_floor,0.0,True,False,False,False,0,14,0,8,22,14,0,-219.72,0.0,0.0,609.9,0.09,78.0,0.0,4.62,7.14,1.21,20,-79.98,154.83,100,97
12,-75.12,8.33,82.02,-157.14,0.522,157.14,82.02,-17.97,swing3_combined_stress_add0,0,True,True,0.35,0.03,2.0,0.15,common_floor,0.0,True,False,False,False,0,12,0,0,12,12,0,-75.12,0.0,0.0,223.08,0.03,17.31,0.0,2.52,8.33,0.98,11,-17.97,82.02,83,68
17,-119.25,11.76,154.83,-274.08,0.5649,274.08,82.02,-44.31,swing3_combined_stress_add5,5,True,True,0.35,0.03,2.0,0.15,common_floor,0.0,True,False,False,False,0,12,0,5,17,12,0,-119.25,0.0,0.0,534.48,0.09,78.0,0.0,3.57,8.33,1.48,15,-79.98,154.83,83,68
65,169.25,56.92,617.51,-448.26,1.3776,112.95,57.45,-42.96,current_time10_add0,0,True,True,0.35,0.03,1.0,0.0,common_floor,0.0,True,False,False,False,10,65,0,0,65,65,0,169.25,0.0,0.0,131.25,0.03,46.32,-1.57,13.65,56.92,0.53,2,-42.96,57.45,74,308
160,94.57,50.0,1130.69,-1036.12,1.0913,228.38,57.45,-44.19,current_time10_add5,5,True,True,0.35,0.03,1.0,0.0,common_floor,0.0,True,False,False,False,10,65,4,91,160,65,0,94.57,0.0,0.0,258.44,0.12,168.27,-3.65,33.6,47.69,0.39,7,-81.12,123.24,74,308
33,-106.74,27.27,130.74,-237.48,0.5505,107.34,37.08,-19.8,current_combined_time10_add0,0,True,True,0.35,0.03,1.0,0.0,common_floor,0.0,True,False,False,False,10,33,0,0,33,33,0,-106.74,0.0,0.0,108.78,0.03,19.59,0.0,6.93,27.27,0.3,22,-19.8,37.08,74,76
59,-191.73,28.81,218.19,-409.92,0.5323,192.33,37.08,-24.51,current_combined_time10_add5,5,True,True,0.35,0.03,1.0,0.0,common_floor,0.0,True,False,False,False,10,33,0,26,59,33,0,-191.73,0.0,0.0,201.15,0.12,75.3,0.0,12.39,21.21,0.3,30,-41.37,76.98,74,76
96,-638.89,36.46,1642.25,-2281.14,0.7199,927.04,194.42,-80.76,current_stoprisk50_add5,5,True,True,0.35,0.03,1.0,0.0,common_floor,0.0,True,False,False,False,0,60,1,36,97,59,1,-637.42,1.68,0.21,995.95,0.12,349.68,-34.36,20.37,25.42,6.59,80,-80.76,263.16,74,308
32,-335.14,0.0,0.0,-335.14,0.0,335.14,-5.1,-19.8,current_combined_risk50_add0,0,True,True,0.35,0.03,1.0,0.0,common_floor,0.0,True,False,False,False,0,33,0,0,33,32,1,-333.67,1.68,0.21,399.58,0.03,19.59,-1.06,6.93,0.0,2.88,32,-19.8,0.0,74,76
51,-648.66,0.0,0.0,-648.66,0.0,648.66,-5.1,-24.51,current_combined_risk50_add2,2,True,True,0.35,0.03,1.0,0.0,common_floor,0.0,True,False,False,False,0,33,0,21,54,32,3,-652.23,-2.94,0.63,773.67,0.09,40.95,-3.69,11.34,0.0,3.74,51,-41.37,0.0,74,76
51,-648.66,0.0,0.0,-648.66,0.0,648.66,-5.1,-24.51,current_combined_risk50_add5,5,True,True,0.35,0.03,1.0,0.0,common_floor,0.0,True,False,False,False,0,33,0,22,55,32,4,-660.21,-10.71,0.84,784.02,0.12,44.91,-3.69,11.55,0.0,3.74,51,-41.37,0.0,74,76
52,-289.92,9.62,284.52,-574.44,0.4953,408.24,83.37,-33.84,swing3_combined_risk50_add5,5,True,True,0.35,0.03,1.0,0.0,common_floor,0.0,True,False,False,False,0,34,1,21,56,33,4,-301.47,-10.71,0.84,495.93,0.12,49.56,-4.2,11.76,6.06,3.55,47,-49.98,157.53,83,68
17,-279.9,0.0,0.0,-279.9,0.0,279.9,-9.15,-25.86,current_combined_risk50_stress_add5,5,True,True,0.35,0.03,2.0,0.15,common_floor,0.0,True,False,False,False,0,12,0,5,17,12,0,-279.9,0.0,0.0,425.07,0.06,42.75,0.0,3.57,0.0,0.84,17,-44.07,-9.15,74,76
57,28.67,47.37,492.05,-463.38,1.0619,166.36,56.1,-43.41,current_time10_stress_add0,0,True,True,0.35,0.03,2.0,0.15,common_floor,0.0,True,False,False,False,10,57,0,0,57,57,0,28.67,0.0,0.0,182.64,0.03,46.32,-1.57,11.97,47.37,0.53,2,-43.41,56.1,74,308
138,-171.23,41.3,882.8,-1054.03,0.8375,327.2,56.1,-44.64,current_time10_stress_add5,5,True,True,0.35,0.03,2.0,0.15,common_floor,0.0,True,False,False,False,10,57,4,77,138,57,0,-171.23,0.0,0.0,373.97,0.12,168.27,-3.65,28.98,40.35,0.4,7,-82.02,119.19,74,308
