variant,net,delta_vs_baseline,cycle_PF,cycle_win_pct,early_exit_cycles,improved_cycles,worsened_cycles,suppressed_later_entries,median_lead_minutes,top5_original_delta,cycle_realized_DD_in_original_order
BASELINE,8028.97,0.0,1.6013,18.34,0,0,0,0,0.0,0.0,2088.77
shadow_profit_only,5453.0,-2575.97,1.5138,33.52,105,71,34,44,84.0,-3765.78,1527.14
shadow_peak1_keep90,5792.75,-2236.22,1.5458,33.52,105,72,33,43,81.0,-3765.78,1187.39
shadow_peak1_keep80,6271.19,-1757.78,1.5909,33.52,103,70,33,43,78.0,-3171.96,1272.53
momentum_profit_only,1540.8,-6488.17,1.2062,46.13,161,107,54,188,108.0,-5180.79,1203.07
momentum_peak1_keep90,2249.49,-5779.48,1.275,43.55,152,103,49,164,105.0,-4925.73,910.32
momentum_peak1_keep80,1675.83,-6353.14,1.2049,43.55,152,102,50,162,105.0,-5135.43,910.32
persistent_profit_only,2152.3,-5876.67,1.2604,42.98,150,101,49,132,99.0,-5125.41,1352.24
persistent_peak1_keep90,2609.92,-5419.05,1.3054,41.55,145,101,44,118,93.0,-5125.41,835.97
persistent_peak1_keep80,2463.94,-5565.03,1.2883,41.55,145,100,45,116,93.0,-5125.41,835.97
swing_profit_only,3511.02,-4517.95,1.3406,34.67,119,78,41,84,96.0,-3817.08,1209.78
swing_peak1_keep90,3488.55,-4540.42,1.3339,33.81,115,75,40,79,96.0,-3817.08,1222.98
swing_peak1_keep80,4158.0,-3870.97,1.396,33.52,109,72,37,75,96.0,-2696.04,1222.98
shadow_break3_profit_only,5535.08,-2493.89,1.4886,30.95,93,63,30,36,81.0,-3516.66,1182.62
shadow_break3_peak1_keep90,6018.92,-2010.05,1.5313,30.95,92,63,29,36,79.5,-3032.82,1182.62
shadow_break3_peak1_keep80,5870.6,-2158.37,1.5182,30.95,90,61,29,36,78.0,-3032.82,1182.62
persistent_break3_profit_only,4099.19,-3929.78,1.411,36.68,128,86,42,77,93.0,-4345.08,1082.51
persistent_break3_peak1_keep90,3942.65,-4086.32,1.3933,36.39,127,85,42,75,93.0,-4370.46,1132.61
persistent_break3_peak1_keep80,4476.71,-3552.26,1.4466,36.39,126,85,41,75,93.0,-3759.9,1132.61
shadow_transition_profit_only,6921.55,-1107.42,1.5332,22.92,43,29,14,13,45.0,-1111.86,1925.56
shadow_transition_peak1_keep90,6921.55,-1107.42,1.5332,22.92,43,29,14,13,45.0,-1111.86,1925.56
shadow_transition_peak1_keep80,6858.55,-1170.42,1.5283,22.92,42,28,14,13,43.5,-1111.86,1925.56
profit_floor_peak1_keep90,32.82,-7996.15,1.0051,49.57,173,122,51,286,114.0,-5923.29,877.92
profit_floor_peak1_keep80,-96.45,-8125.42,0.985,49.57,173,122,51,282,114.0,-5923.29,881.79
shadow_peak1_keep80_slip015,6047.54,-1981.43,1.5697,32.66,103,70,33,43,78.0,-3180.06,1307.63
persistent_peak1_keep80_slip015,2185.39,-5843.58,1.2556,39.83,145,99,46,116,93.0,-5136.66,877.37
shadow_peak1_keep80_trim_latest2_ADD,7405.97,-623.0,1.6174,22.92,102,65,37,0,78.0,-1057.32,1590.11
shadow_transition_peak1_keep80_trim_latest2_ADD,7578.63,-450.34,1.576,20.06,42,26,16,0,43.5,-370.62,1996.43
shadow_peak1_keep90_trim_latest2_ADD,7246.49,-782.48,1.6041,22.92,104,67,37,0,79.5,-1255.26,1561.73
shadow_R08_keep80,6500.59,-1528.38,1.5685,29.51,87,58,29,20,75.0,-3171.96,1400.66
shadow_transition_R08_keep80,6951.22,-1077.75,1.5338,22.06,37,25,12,9,42.0,-1111.86,1830.44
shadow_R08_keep80_trim_latest2_ADD,7575.24,-453.73,1.6144,22.06,86,56,30,0,76.5,-1057.32,1686.26
legacy_Peak80_quote_control,2214.9,-5814.07,1.2202,33.24,116,74,42,81,111.0,-5038.41,1142.32
