closed_positions,closed_net,win_rate_pct,gross_profit,gross_loss,profit_factor,realized_position_dd,best_position,worst_position,name,max_add,pre_add,direction_add,sl_pct,lot,spread_scale,slip,protection,max_total_lots,reverse,long_only,short_only,require_profitable_add,time_exit_bars,initials,adds_PRE,adds_DIRECTION,total_fills,closed_cycles,open_positions,end_equity_net,end_unrealized_gross,end_open_entry_fees,bar_close_equity_dd,max_lots,max_open_stop_risk,swap_total,commission_total,closed_cycles_win_pct,mean_hold_hours,SL_closed_positions,worst_cycle,best_cycle
51,-437.59,23.53,1269.42,-1707.01,0.7437,851.97,194.42,-80.76,combined_add0_sl035,0,True,True,0.35,0.03,1.0,0.0,common_floor,0.0,True,False,False,False,0,52,0,0,52,51,1,-436.12,1.68,0.21,937.05,0.03,46.32,-20.32,10.92,23.53,9.95,38,-80.76,194.42
102,-879.14,21.57,2413.05,-3292.19,0.733,1543.23,194.42,-83.22,combined_add1_sl035,1,True,True,0.35,0.03,1.0,0.0,common_floor,0.0,True,False,False,False,0,53,4,47,104,52,2,-878.06,1.5,0.42,1705.25,0.06,90.24,-42.17,21.84,21.15,8.39,78,-163.98,387.73
141,-760.19,23.4,3494.37,-4254.56,0.8213,1858.4,194.42,-87.33,combined_add2_sl035,2,True,True,0.35,0.03,1.0,0.0,common_floor,0.0,True,False,False,False,0,53,4,87,144,52,3,-763.76,-2.94,0.63,2102.81,0.09,132.54,-61.43,30.24,21.15,8.59,108,-251.31,572.37
179,-2590.17,21.23,2657.07,-5247.24,0.5064,2590.17,158.95,-90.3,combined_add3_sl035,3,True,True,0.35,0.03,1.0,0.0,common_floor,0.0,True,False,False,False,0,56,6,121,183,55,4,-2601.72,-10.71,0.84,2650.95,0.12,168.27,-64.56,38.43,14.55,7.64,147,-341.61,603.26
228,-3016.24,21.49,3088.02,-6104.26,0.5059,3041.14,158.95,-90.3,combined_add5_sl035,5,True,True,0.35,0.03,1.0,0.0,common_floor,0.0,True,False,False,False,0,58,8,166,232,57,4,-3027.79,-10.71,0.84,3117.67,0.18,221.61,-82.24,48.72,14.04,7.23,189,-341.61,879.72
71,-1213.08,19.72,1166.47,-2379.55,0.4902,1364.63,194.42,-80.76,pre_only_add5_sl035,5,True,False,0.35,0.03,1.0,0.0,common_floor,0.0,True,False,False,False,0,54,18,0,72,53,1,-1211.61,1.68,0.21,1524.71,0.09,122.34,-26.04,15.12,24.53,8.62,58,-122.97,194.42
223,-2850.54,21.97,3088.02,-5938.56,0.52,2919.87,158.95,-90.3,direction_only_add5_sl035,5,False,True,0.35,0.03,1.0,0.0,common_floor,0.0,True,False,False,False,0,58,0,169,227,57,4,-2862.09,-10.71,0.84,2996.4,0.18,212.97,-80.16,47.67,14.04,7.32,184,-341.61,879.72
56,-485.53,14.29,775.29,-1260.82,0.6149,614.58,158.95,-80.76,combined_add0_sl020,0,True,True,0.2,0.03,1.0,0.0,common_floor,0.0,True,False,False,False,0,57,0,0,57,56,1,-484.06,1.68,0.21,650.13,0.03,26.46,-14.59,11.97,14.29,6.11,48,-80.76,158.95
107,-1202.84,11.21,1041.3,-2244.14,0.464,1237.41,158.95,-83.22,combined_add1_sl020,1,True,True,0.2,0.03,1.0,0.0,common_floor,0.0,True,False,False,False,0,57,4,48,109,56,2,-1201.76,1.5,0.42,1307.25,0.06,52.14,-29.69,22.89,10.71,5.97,95,-163.98,313.07
145,-1098.83,13.79,1486.32,-2585.15,0.5749,1466.21,158.95,-31.6,combined_add2_sl020,2,True,True,0.2,0.03,1.0,0.0,common_floor,0.0,True,False,False,False,0,58,4,86,148,57,3,-1102.4,-2.94,0.63,1606.61,0.09,74.94,-44.24,31.08,10.53,5.22,127,-82.23,459.87
183,-1466.85,16.94,1516.15,-2983.0,0.5083,1813.83,158.95,-38.71,combined_add3_sl020,3,True,True,0.2,0.03,1.0,0.0,common_floor,0.0,True,False,False,False,0,62,5,120,187,61,4,-1478.4,-10.71,0.84,1962.51,0.12,99.24,-47.88,39.27,11.48,4.55,167,-120.94,601.78
213,-1089.61,20.19,2128.62,-3218.23,0.6614,1793.83,158.95,-53.53,combined_add5_sl020,5,True,True,0.2,0.03,1.0,0.0,common_floor,0.0,True,False,False,False,0,62,6,149,217,61,4,-1101.16,-10.71,0.84,2041.69,0.18,250.59,-68.62,45.57,13.11,3.41,197,-174.47,834.84
56,-1618.39,14.29,2584.29,-4202.68,0.6149,2048.57,529.82,-269.19,source_default_lot010_add0_sl020,0,True,True,0.2,0.1,1.0,0.0,common_floor,0.0,True,False,False,False,0,57,0,0,57,56,1,-1613.49,5.6,0.7,2167.07,0.1,88.2,-48.59,39.9,14.29,6.11,48,-269.19,529.82
51,-447.34,23.53,1265.82,-1713.16,0.7389,856.77,194.12,-81.06,cost_add0_spr1_slip0.05,0,True,True,0.35,0.03,1.0,0.05,common_floor,0.0,True,False,False,False,0,52,0,0,52,51,1,-446.02,1.53,0.21,941.85,0.03,46.32,-20.32,10.92,23.53,9.94,38,-81.06,194.12
141,-786.74,23.4,3484.47,-4271.21,0.8158,1872.95,194.12,-87.63,cost_add2_spr1_slip0.05,2,True,True,0.35,0.03,1.0,0.05,common_floor,0.0,True,False,False,False,0,53,4,87,144,52,3,-790.76,-3.39,0.63,2117.36,0.09,132.54,-61.43,30.24,21.15,8.59,108,-252.21,571.47
228,-3057.64,21.05,3075.09,-6132.73,0.5014,3066.34,158.65,-90.6,cost_add5_spr1_slip0.05,5,True,True,0.35,0.03,1.0,0.05,common_floor,0.0,True,False,False,False,0,58,8,166,232,57,4,-3069.79,-11.31,0.84,3142.87,0.18,221.61,-82.24,48.72,14.04,7.23,189,-342.81,877.92
51,-466.84,23.53,1258.62,-1725.46,0.7294,866.37,193.52,-81.66,cost_add0_spr1_slip0.15,0,True,True,0.35,0.03,1.0,0.15,common_floor,0.0,True,False,False,False,0,52,0,0,52,51,1,-465.82,1.23,0.21,951.45,0.03,46.32,-20.32,10.92,23.53,9.74,38,-81.66,193.52
139,-770.27,23.74,3464.67,-4234.94,0.8181,1832.48,193.52,-88.23,cost_add2_spr1_slip0.15,2,True,True,0.35,0.03,1.0,0.15,common_floor,0.0,True,False,False,False,0,53,4,85,142,52,3,-775.19,-4.29,0.63,2076.89,0.09,132.54,-61.43,29.82,21.15,8.5,106,-254.01,569.67
223,-3091.0,20.63,3048.06,-6139.06,0.4965,3091.93,158.05,-91.2,cost_add5_spr1_slip0.15,5,True,True,0.35,0.03,1.0,0.15,common_floor,0.0,True,False,False,False,0,58,8,161,227,57,4,-3104.35,-12.51,0.84,3152.23,0.18,221.61,-82.24,47.67,14.04,7.17,184,-345.21,874.32
51,-701.25,21.57,1057.83,-1759.08,0.6014,949.02,194.21,-82.89,cost_add0_spr1.5_slip0,0,True,True,0.35,0.03,1.5,0.0,common_floor,0.0,True,False,False,False,0,52,0,0,52,51,1,-700.14,1.32,0.21,1042.87,0.03,46.32,-18.24,10.92,21.57,8.98,39,-82.89,194.21
139,-2011.87,20.14,2395.7,-4407.57,0.5435,2478.79,194.21,-89.46,cost_add2_spr1.5_slip0,2,True,True,0.35,0.03,1.5,0.0,common_floor,0.0,True,False,False,False,0,53,4,85,142,52,3,-2016.51,-4.02,0.63,2697.49,0.09,132.54,-48.95,29.82,17.31,7.15,112,-257.7,571.71
214,-4027.25,19.63,1989.54,-6016.79,0.3307,4031.24,112.89,-92.43,cost_add5_spr1.5_slip0,5,True,True,0.35,0.03,1.5,0.0,common_floor,0.0,True,False,False,False,0,57,8,153,218,56,4,-4040.26,-12.15,0.84,4088.82,0.18,221.61,-51.07,45.78,12.5,6.32,181,-350.13,610.68
49,-852.09,18.37,912.21,-1764.3,0.517,1029.28,193.97,-85.02,cost_add0_spr2_slip0,0,True,True,0.35,0.03,2.0,0.0,common_floor,0.0,True,False,False,False,0,50,0,0,50,49,1,-851.31,0.99,0.21,1146.85,0.03,46.32,-18.24,10.5,18.37,9.05,39,-85.02,193.97
134,-2275.34,18.66,2058.79,-4334.13,0.475,2741.57,193.97,-91.59,cost_add2_spr2_slip0,2,True,True,0.35,0.03,2.0,0.0,common_floor,0.0,True,False,False,False,0,51,4,82,137,50,3,-2280.98,-5.01,0.63,2960.6,0.09,132.54,-48.95,28.77,16.0,7.23,110,-264.09,571.02
206,-4574.08,17.48,1373.11,-5947.19,0.2309,4577.8,95.97,-94.56,cost_add5_spr2_slip0,5,True,True,0.35,0.03,2.0,0.0,common_floor,0.0,True,False,False,False,0,55,8,147,210,54,4,-4588.39,-13.47,0.84,4636.27,0.18,221.61,-51.07,44.1,11.11,6.33,179,-358.65,410.34
49,-879.09,18.37,904.11,-1783.2,0.507,1052.68,193.07,-85.92,cost_add0_spr2_slip0.15,0,True,True,0.35,0.03,2.0,0.15,common_floor,0.0,True,False,False,False,0,50,0,0,50,49,1,-878.76,0.54,0.21,1170.25,0.03,46.32,-18.24,10.5,18.37,9.04,39,-85.92,193.07
134,-2347.79,18.66,2036.74,-4384.53,0.4645,2809.97,193.07,-92.49,cost_add2_spr2_slip0.15,2,True,True,0.35,0.03,2.0,0.15,common_floor,0.0,True,False,False,False,0,51,4,82,137,50,3,-2354.78,-6.36,0.63,3029.0,0.09,132.54,-48.95,28.77,16.0,7.22,110,-266.79,568.32
206,-4682.98,16.99,1345.78,-6028.76,0.2232,4683.55,95.07,-95.46,cost_add5_spr2_slip0.15,5,True,True,0.35,0.03,2.0,0.15,common_floor,0.0,True,False,False,False,0,55,8,147,210,54,4,-4699.09,-15.27,0.84,4745.62,0.18,221.61,-51.07,44.1,11.11,6.32,179,-362.25,404.94
212,-2481.95,22.64,3053.46,-5535.41,0.5516,2627.87,158.95,-90.3,HYPOTHETICAL_profit_gate_add5_sl035,5,True,True,0.35,0.03,1.0,0.0,common_floor,0.0,True,False,False,True,0,58,0,158,216,57,4,-2493.5,-10.71,0.84,2704.4,0.18,212.97,-71.84,45.36,14.04,7.12,173,-341.61,879.72
199,-788.91,22.11,2126.34,-2915.25,0.7294,1556.25,158.95,-53.53,HYPOTHETICAL_profit_gate_add5_sl020,5,True,True,0.2,0.03,1.0,0.0,common_floor,0.0,True,False,False,True,0,62,0,141,203,61,4,-800.46,-10.71,0.84,1804.11,0.18,250.59,-66.54,42.63,13.11,3.26,183,-149.92,834.84
66,101.28,56.06,416.88,-315.6,1.3209,112.83,47.37,-42.18,HYPOTHETICAL_time5_add0_sl035,0,True,True,0.35,0.03,1.0,0.0,common_floor,0.0,True,False,False,False,5,66,0,0,66,66,0,101.28,0.0,0.0,118.32,0.03,46.32,0.51,13.86,56.06,0.26,1,-42.18,47.37
125,68.28,51.2,635.67,-567.39,1.1203,165.99,47.37,-42.18,HYPOTHETICAL_time5_add5_sl035,5,True,True,0.35,0.03,1.0,0.0,common_floor,0.0,True,False,False,False,5,66,3,56,125,66,0,68.28,0.0,0.0,172.86,0.09,131.46,0.51,26.25,50.0,0.21,1,-59.37,60.09
65,169.25,56.92,617.51,-448.26,1.3776,112.95,57.45,-42.96,HYPOTHETICAL_time10_add0_sl035,0,True,True,0.35,0.03,1.0,0.0,common_floor,0.0,True,False,False,False,10,65,0,0,65,65,0,169.25,0.0,0.0,131.25,0.03,46.32,-1.57,13.65,56.92,0.53,2,-42.96,57.45
215,-1810.56,25.12,5085.56,-6896.12,0.7375,3303.34,194.42,-90.3,independent_stops_add5_sl035,5,True,True,0.35,0.03,1.0,0.0,independent,0.0,True,False,False,False,0,52,9,158,219,51,4,-1822.11,-10.71,0.84,3633.01,0.18,273.03,-105.12,45.99,21.57,9.05,159,-341.61,879.72
126,-73.36,30.16,2873.55,-2946.91,0.9751,1369.93,158.95,-53.53,long_only_add5_sl035,5,True,True,0.35,0.03,1.0,0.0,common_floor,0.0,True,True,False,False,0,30,5,95,130,29,4,-84.91,-10.71,0.84,1466.47,0.18,212.97,-89.38,27.3,24.14,6.62,91,-226.71,879.72
102,-2942.88,10.78,214.47,-3157.35,0.0679,2942.88,46.44,-90.3,short_only_add5_sl035,5,True,True,0.35,0.03,1.0,0.0,common_floor,0.0,True,False,True,False,0,28,3,71,102,28,0,-2942.88,0.0,0.0,3072.09,0.18,221.61,7.14,21.42,3.57,7.99,98,-341.61,136.08
209,-2007.19,23.44,3088.02,-5095.21,0.6061,2767.39,158.95,-53.53,no_reverse_add5_sl035,5,True,True,0.35,0.03,1.0,0.0,common_floor,0.0,False,False,False,False,0,53,6,154,213,52,4,-2018.74,-10.71,0.84,2823.7,0.18,203.13,-73.33,44.73,15.38,6.51,170,-214.38,879.72
58,2.61,55.17,338.76,-336.15,1.0078,148.23,45.78,-42.63,HYPOTHETICAL_time5_add0_cost2_slip015,0,True,True,0.35,0.03,2.0,0.15,common_floor,0.0,True,False,False,False,5,58,0,0,58,58,0,2.61,0.0,0.0,154.08,0.03,46.32,0.51,12.18,55.17,0.27,1,-42.63,45.78
57,28.67,47.37,492.05,-463.38,1.0619,166.36,56.1,-43.41,HYPOTHETICAL_time10_add0_cost2_slip015,0,True,True,0.35,0.03,2.0,0.15,common_floor,0.0,True,False,False,False,10,57,0,0,57,57,0,28.67,0.0,0.0,182.64,0.03,46.32,-1.57,11.97,47.37,0.53,2,-43.41,56.1
